Dataset,Model,MAE,RMSE,R2
Synthetic Data,RandomForest,3.390284963797572,5.487461716978074,0.7252776994346568
Synthetic Data,DecisionTree,4.083901879004112,7.287548468274066,0.5154776441101558
Real-World Data (Smart_irrigation_dataset.csv),RandomForest,155.80400139,215.87113241011753,0.3861815647690836
Real-World Data (Smart_irrigation_dataset.csv),DecisionTree,202.0550681,305.3284487043058,-0.2279631398331603
